RecordID,Age,Gender,AdmissionType,ALP,ALT,AST,Albumin,BUN,Bilirubin,Cholesterol,Creatinine,DiasABP,FiO2,GCS,Glucose,HCO3,HCT,HR,K,Lactate,MAP,MechVent,Mg,NIDiasABP,NIMAP,NISysABP,Na,PaCO2,PaO2,Platelets,RespRate,SAPS,SaO2,SysABP,Temp,TroponinI,TroponinT,Urine,WBC,noLabel,pH
1,64,1,4,,,,,,,,,,,,,,,,,,,,,,,,,18.5833,22,16.3,6.95331e-310,-16.5,6,,,,,,,,,,,,,,,,,,,4.24222,1.85,0.8,6.95331e-310,7.27463e+199,6,,,,,,,59.8576,80.83,44.81,6.95331e-310,-63.09,61,,,,,,,5.89614,0.6,0.4,6.95331e-310,-0.6,11,,,,,,,6.39108,8.18,3.1,6.95331e-310,43.83,15,,,,,,,165.854,177.66,142.8,6.95331e-310,-171.16,5,,,,,,,60.5436,22.44,16.42,6.95331e-310,-15.42,4,,,,,,,40.5005,37.5,27.9,6.95331e-310,167.03,7,,,,,,,83.0205,121.11,61.15,6.95331e-310,-93.15,61,,,,,,,20.9921,4.71,4.1,6.95331e-310,-4.71,5,,,,,,,4.70801,3.71,1.5,6.95331e-310,-3.57,9,,,,,,,78.6642,104.81,54.55,6.95331e-310,-91.81,57,,,,,,,8.13451,1.91,1.13,6.95331e-310,-1.76,12,,,,,,,3.4669,2.3,1.2,6.95331e-310,-1.2,5,,,,,,,64.8535,81.75,44.49,6.95331e-310,-44.49,2,,,,,,,90.5078,91.85,55.15,6.95331e-310,-55.15,3,,,,,,,121.656,111.25,77.58,6.95331e-310,-77.58,3,,,,,,,167.233,144.93,137.82,6.95331e-310,-144.93,5,,,,,,,50.8113,37.59,30.7,6.95331e-310,0.63,10,,,,,,,163.477,349.08,65.97,6.95331e-310,-71.28,14,,,,,,,156.987,189.22,79.69,6.95331e-310,-189.22,4,,,,,,,,,,,,,173.157,16.17,16.17,6.95331e-310,-16.17,1,,,,,,,,,,,,,125.597,157.97,72.45,6.95331e-310,-101.03,53,,,,,,,40.476,38.47,36.9,6.95331e-310,-37.9,41,,,,,,,,,,,,,20.328,0.1,0.08,6.95331e-310,-0.1,2,,,,,,,144.099,1400.23,20.69,6.95331e-310,-400.75,33,,,,,,,44.8173,10.4,7.3,6.95331e-310,-10.4,4,,,,,,,,,,,,,10.5805,7.42,7.34,6.95331e-310,96.1,14
